Arquivo,Título,Categoria,Biblioteca,Tamanho,Caminho
"10004-document-information-extractionsd.svg","10004-document-information-extractionsd","ai","ai","M","ai/10004-document-information-extractionsd.svg"
"10010-personalized-recommendationsd.svg","10010-personalized-recommendationsd","ai","ai","M","ai/10010-personalized-recommendationsd.svg"
"20054-data-attribute-recommendationsd.svg","20054-data-attribute-recommendationsd","ai","ai","M","ai/20054-data-attribute-recommendationsd.svg"
"20059-sap-ai-launchpadsd.svg","20059-sap-ai-launchpadsd","ai","ai","M","ai/20059-sap-ai-launchpadsd.svg"
"20095-sap-translation-hubsd.svg","20095-sap-translation-hubsd","ai","ai","M","ai/20095-sap-translation-hubsd.svg"
"20099-service-ticket-intelligencesd.svg","20099-service-ticket-intelligencesd","ai","ai","M","ai/20099-service-ticket-intelligencesd.svg"
"31052-business-entity-recognitionsd.svg","31052-business-entity-recognitionsd","ai","ai","M","ai/31052-business-entity-recognitionsd.svg"
"31103-invoice-object-recommendationsd.svg","31103-invoice-object-recommendationsd","ai","ai","M","ai/31103-invoice-object-recommendationsd.svg"
"31115-sap-digital-assistantsd.svg","31115-sap-digital-assistantsd","ai","ai","M","ai/31115-sap-digital-assistantsd.svg"
"32124-sap-document-grounding.svg","32124-sap-document-grounding","ai","ai","S","ai/32124-sap-document-grounding.svg"
"32132-sap-document-grounding.svg","32132-sap-document-grounding","ai","ai","M","ai/32132-sap-document-grounding.svg"
"48148-sap-document-grounding.svg","48148-sap-document-grounding","ai","ai","L","ai/48148-sap-document-grounding.svg"
"10002-cloud-integration-automationsd.svg","10002-cloud-integration-automationsd","all-icons","all-icons-01","M","all-icons-01/10002-cloud-integration-automationsd.svg"
"10004-document-information-extractionsd.svg","10004-document-information-extractionsd","all-icons","all-icons-01","L","all-icons-01/10004-document-information-extractionsd.svg"
"10007-intelligent-situation-automationsd.svg","10007-intelligent-situation-automationsd","all-icons","all-icons-01","M","all-icons-01/10007-intelligent-situation-automationsd.svg"
"10009-object-store-on-sap-btpsd.svg","10009-object-store-on-sap-btpsd","all-icons","all-icons-01","M","all-icons-01/10009-object-store-on-sap-btpsd.svg"
"10010-personalized-recommendationsd.svg","10010-personalized-recommendationsd","all-icons","all-icons-01","L","all-icons-01/10010-personalized-recommendationsd.svg"
"10013-sap-analytics-cloud-embedded-editionsd.svg","10013-sap-analytics-cloud-embedded-editionsd","all-icons","all-icons-01","M","all-icons-01/10013-sap-analytics-cloud-embedded-editionsd.svg"
"10014-sap-audit-log-servicesd.svg","10014-sap-audit-log-servicesd","all-icons","all-icons-01","M","all-icons-01/10014-sap-audit-log-servicesd.svg"
"10017-sap-btpcloud-foundry-runtimesd.svg","10017-sap-btpcloud-foundry-runtimesd","all-icons","all-icons-01","M","all-icons-01/10017-sap-btpcloud-foundry-runtimesd.svg"
"10022-sap-continuous-integration-and-deliverysd.svg","10022-sap-continuous-integration-and-deliverysd","all-icons","all-icons-01","M","all-icons-01/10022-sap-continuous-integration-and-deliverysd.svg"
"10023-sap-data-privacy-integrationsd.svg","10023-sap-data-privacy-integrationsd","all-icons","all-icons-01","M","all-icons-01/10023-sap-data-privacy-integrationsd.svg"
"10025-sap-dataspheresd.svg","10025-sap-dataspheresd","all-icons","all-icons-01","M","all-icons-01/10025-sap-dataspheresd.svg"
"10030-sap-html5-application-repository-service-for-sap-btp-sd.svg","10030-sap-html5-application-repository-service-for-sap-btp sd","all-icons","all-icons-01","M","all-icons-01/10030-sap-html5-application-repository-service-for-sap-btp-sd.svg"
"10035-sap-cloud-identitysap-keystore-servicesd.svg","10035-sap-cloud-identitysap-keystore-servicesd","all-icons","all-icons-01","M","all-icons-01/10035-sap-cloud-identitysap-keystore-servicesd.svg"
"10037-sap-cloud-identitysap-malware-scanning-servicesd.svg","10037-sap-cloud-identitysap-malware-scanning-servicesd","all-icons","all-icons-01","M","all-icons-01/10037-sap-cloud-identitysap-malware-scanning-servicesd.svg"
"10039-sap-master-data-integrationsd.svg","10039-sap-master-data-integrationsd","all-icons","all-icons-01","M","all-icons-01/10039-sap-master-data-integrationsd.svg"
"10042-sap-private-link-servicesd.svg","10042-sap-private-link-servicesd","all-icons","all-icons-01","M","all-icons-01/10042-sap-private-link-servicesd.svg"
"10044-sap-s4hana-cloud-for-intelligent-intercompany-reconciliationsd.svg","10044-sap-s4hana-cloud-for-intelligent-intercompany-reconciliationsd","all-icons","all-icons-01","M","all-icons-01/10044-sap-s4hana-cloud-for-intelligent-intercompany-reconciliationsd.svg"
"20016-sap-btpabap-environmentsd.svg","20016-sap-btpabap-environmentsd","all-icons","all-icons-01","M","all-icons-01/20016-sap-btpabap-environmentsd.svg"
"20036-sap-landscape-management-cloudsd.svg","20036-sap-landscape-management-cloudsd","all-icons","all-icons-01","M","all-icons-01/20036-sap-landscape-management-cloudsd.svg"
"20049-ui5-flexibility-for-key-userssd.svg","20049-ui5-flexibility-for-key-userssd","all-icons","all-icons-01","M","all-icons-01/20049-ui5-flexibility-for-key-userssd.svg"
"20051-application-autoscalersd.svg","20051-application-autoscalersd","all-icons","all-icons-01","M","all-icons-01/20051-application-autoscalersd.svg"
"20053-sap-cloud-management-service-for-sap-btpsd.svg","20053-sap-cloud-management-service-for-sap-btpsd","all-icons","all-icons-01","M","all-icons-01/20053-sap-cloud-management-service-for-sap-btpsd.svg"
"20054-data-attribute-recommendationsd.svg","20054-data-attribute-recommendationsd","all-icons","all-icons-01","L","all-icons-01/20054-data-attribute-recommendationsd.svg"
"20059-sap-ai-launchpadsd.svg","20059-sap-ai-launchpadsd","all-icons","all-icons-01","L","all-icons-01/20059-sap-ai-launchpadsd.svg"
"20061-sap-analytics-cloudsd.svg","20061-sap-analytics-cloudsd","all-icons","all-icons-01","M","all-icons-01/20061-sap-analytics-cloudsd.svg"
"20062-sap-application-logging-service-for-sap-btpsd.svg","20062-sap-application-logging-service-for-sap-btpsd","all-icons","all-icons-01","M","all-icons-01/20062-sap-application-logging-service-for-sap-btpsd.svg"
"20065-sap-btpkyma-runtimesd.svg","20065-sap-btpkyma-runtimesd","all-icons","all-icons-01","M","all-icons-01/20065-sap-btpkyma-runtimesd.svg"
"20069-sap-business-application-studiosd.svg","20069-sap-business-application-studiosd","all-icons","all-icons-01","M","all-icons-01/20069-sap-business-application-studiosd.svg"
"20070-oauth-20-on-sap-btpsd.svg","20070-oauth-20-on-sap-btpsd","all-icons","all-icons-01","M","all-icons-01/20070-oauth-20-on-sap-btpsd.svg"
"20074-sap-cloud-identitysap-custom-domain-servicesd.svg","20074-sap-cloud-identitysap-custom-domain-servicesd","all-icons","all-icons-01","M","all-icons-01/20074-sap-cloud-identitysap-custom-domain-servicesd.svg"
"20076-sap-cloud-transport-managementsd.svg","20076-sap-cloud-transport-managementsd","all-icons","all-icons-02","M","all-icons-02/20076-sap-cloud-transport-managementsd.svg"
"20080-sap-destination-servicesd.svg","20080-sap-destination-servicesd","all-icons","all-icons-02","M","all-icons-02/20080-sap-destination-servicesd.svg"
"20083-sap-hana-cloudsd.svg","20083-sap-hana-cloudsd","all-icons","all-icons-02","M","all-icons-02/20083-sap-hana-cloudsd.svg"
"20090-sap-job-scheduling-servicesd.svg","20090-sap-job-scheduling-servicesd","all-icons","all-icons-02","M","all-icons-02/20090-sap-job-scheduling-servicesd.svg"
"20091-sap-mobile-servicessdsvg.svg","20091-sap-mobile-servicessdsvg","all-icons","all-icons-02","M","all-icons-02/20091-sap-mobile-servicessdsvg.svg"
"20092-sap-monitoring-service-for-sap-btpsd.svg","20092-sap-monitoring-service-for-sap-btpsd","all-icons","all-icons-02","M","all-icons-02/20092-sap-monitoring-service-for-sap-btpsd.svg"
"20093-sap-omnichannel-promotion-pricingsd.svg","20093-sap-omnichannel-promotion-pricingsd","all-icons","all-icons-02","M","all-icons-02/20093-sap-omnichannel-promotion-pricingsd.svg"
"20094-sap-persistence-service-asesd.svg","20094-sap-persistence-service-asesd","all-icons","all-icons-02","M","all-icons-02/20094-sap-persistence-service-asesd.svg"
"20095-sap-translation-hubsd.svg","20095-sap-translation-hubsd","all-icons","all-icons-02","L","all-icons-02/20095-sap-translation-hubsd.svg"
"20096-sap-variant-configuration-and-pricingsd.svg","20096-sap-variant-configuration-and-pricingsd","all-icons","all-icons-02","M","all-icons-02/20096-sap-variant-configuration-and-pricingsd.svg"
"20098-service-managersd.svg","20098-service-managersd","all-icons","all-icons-02","M","all-icons-02/20098-service-managersd.svg"
"20099-service-ticket-intelligencesd.svg","20099-service-ticket-intelligencesd","all-icons","all-icons-02","L","all-icons-02/20099-service-ticket-intelligencesd.svg"
"31015-sap-cloud-identitysap-authorization-and-trust-management-servicesd.svg","31015-sap-cloud-identitysap-authorization-and-trust-management-servicesd","all-icons","all-icons-02","M","all-icons-02/31015-sap-cloud-identitysap-authorization-and-trust-management-servicesd.svg"
"31018-sap-build-work-zone-advanced-edition-sd.svg","31018-sap-build-work-zone advanced-edition sd","all-icons","all-icons-02","M","all-icons-02/31018-sap-build-work-zone-advanced-edition-sd.svg"
"31021-sap-content-agent-servicesd.svg","31021-sap-content-agent-servicesd","all-icons","all-icons-02","L","all-icons-02/31021-sap-content-agent-servicesd.svg"
"31024-sap-data-retention-managersd.svg","31024-sap-data-retention-managersd","all-icons","all-icons-02","M","all-icons-02/31024-sap-data-retention-managersd.svg"
"31027-sap-document-management-servicesd.svg","31027-sap-document-management-servicesd","all-icons","all-icons-02","M","all-icons-02/31027-sap-document-management-servicesd.svg"
"31037-event-meshsd.svg","31037-event-meshsd","all-icons","all-icons-02","M","all-icons-02/31037-event-meshsd.svg"
"31040-sap-personal-data-managersd.svg","31040-sap-personal-data-managersd","all-icons","all-icons-02","M","all-icons-02/31040-sap-personal-data-managersd.svg"
"31043-sap-responsibility-management-servicesd.svg","31043-sap-responsibility-management-servicesd","all-icons","all-icons-02","M","all-icons-02/31043-sap-responsibility-management-servicesd.svg"
"31045-sap-solution-lifecycle-management-service-for-sap-btpsd.svg","31045-sap-solution-lifecycle-management-service-for-sap-btpsd","all-icons","all-icons-02","M","all-icons-02/31045-sap-solution-lifecycle-management-service-for-sap-btpsd.svg"
"31046-sap-task-center-sd.svg","31046-sap-task-center sd","all-icons","all-icons-02","M","all-icons-02/31046-sap-task-center-sd.svg"
"31052-business-entity-recognitionsd.svg","31052-business-entity-recognitionsd","all-icons","all-icons-02","L","all-icons-02/31052-business-entity-recognitionsd.svg"
"31060-sap-alert-notification-service-for-sap-btpsd.svg","31060-sap-alert-notification-service-for-sap-btpsd","all-icons","all-icons-02","M","all-icons-02/31060-sap-alert-notification-service-for-sap-btpsd.svg"
"31063-sap-automation-pilotsd.svg","31063-sap-automation-pilotsd","all-icons","all-icons-02","M","all-icons-02/31063-sap-automation-pilotsd.svg"
"31066-sap-build-apps-sd.svg","31066-sap-build-apps sd","all-icons","all-icons-02","M","all-icons-02/31066-sap-build-apps-sd.svg"
"31067-sap-build-process-automationsd.svg","31067-sap-build-process-automationsd","all-icons","all-icons-02","M","all-icons-02/31067-sap-build-process-automationsd.svg"
"31068-sap-build-work-zonesd.svg","31068-sap-build-work-zonesd","all-icons","all-icons-02","M","all-icons-02/31068-sap-build-work-zonesd.svg"
"31073-sap-cloud-identitysap-credential-storesd.svg","31073-sap-cloud-identitysap-credential-storesd","all-icons","all-icons-02","M","all-icons-02/31073-sap-cloud-identitysap-credential-storesd.svg"
"31085-sap-hana-spatial-servicessd.svg","31085-sap-hana-spatial-servicessd","all-icons","all-icons-02","M","all-icons-02/31085-sap-hana-spatial-servicessd.svg"
"31103-invoice-object-recommendationsd.svg","31103-invoice-object-recommendationsd","all-icons","all-icons-03","L","all-icons-03/31103-invoice-object-recommendationsd.svg"
"31104-landscape-portal-for-sap-s4hana-cloudabap-environmentsd.svg","31104-landscape-portal-for-sap-s4hana-cloudabap-environmentsd","all-icons","all-icons-03","M","all-icons-03/31104-landscape-portal-for-sap-s4hana-cloudabap-environmentsd.svg"
"31109-sap-build-code-sd.svg","31109-sap-build-code sd","all-icons","all-icons-03","M","all-icons-03/31109-sap-build-code-sd.svg"
"31109-sap-build-codesd.svg","31109-sap-build-codesd","all-icons","all-icons-03","S","all-icons-03/31109-sap-build-codesd.svg"
"31112-cloud-loggingsd.svg","31112-cloud-loggingsd","all-icons","all-icons-03","M","all-icons-03/31112-cloud-loggingsd.svg"
"31112-sap-cloud-loggingsd.svg","31112-sap-cloud-loggingsd","all-icons","all-icons-03","S","all-icons-03/31112-sap-cloud-loggingsd.svg"
"31113-sap-connectivity-servicesd.svg","31113-sap-connectivity-servicesd","all-icons","all-icons-03","M","all-icons-03/31113-sap-connectivity-servicesd.svg"
"31115-sap-digital-assistantsd.svg","31115-sap-digital-assistantsd","all-icons","all-icons-03","L","all-icons-03/31115-sap-digital-assistantsd.svg"
"31117-sap-green-tokensd.svg","31117-sap-green-tokensd","all-icons","all-icons-03","M","all-icons-03/31117-sap-green-tokensd.svg"
"31118-sap-health-data-services-for-fhirsd.svg","31118-sap-health-data-services-for-fhirsd","all-icons","all-icons-03","M","all-icons-03/31118-sap-health-data-services-for-fhirsd.svg"
"31119-sap-master-data-governancesd.svg","31119-sap-master-data-governancesd","all-icons","all-icons-03","M","all-icons-03/31119-sap-master-data-governancesd.svg"
"31120-sap-software-as-a-service-provisioning-servicesd.svg","31120-sap-software-as-a-service-provisioning-servicesd","all-icons","all-icons-03","M","all-icons-03/31120-sap-software-as-a-service-provisioning-servicesd.svg"
"32021-sap-content-agent-servicesd.svg","32021-sap-content-agent-servicesd","all-icons","all-icons-03","M","all-icons-03/32021-sap-content-agent-servicesd.svg"
"32032-advanced-event-meshsd.svg","32032-advanced-event-meshsd","all-icons","all-icons-03","M","all-icons-03/32032-advanced-event-meshsd.svg"
"32071-sap-identity-authentication.svg","32071-sap-identity-authentication","all-icons","all-icons-03","M","all-icons-03/32071-sap-identity-authentication.svg"
"32072-sap-identity-provisoning.svg","32072-sap-identity-provisoning","all-icons","all-icons-03","M","all-icons-03/32072-sap-identity-provisoning.svg"
"32082-sap-event-broker-for-sap-cloud-applicationssd.svg","32082-sap-event-broker-for-sap-cloud-applicationssd","all-icons","all-icons-03","M","all-icons-03/32082-sap-event-broker-for-sap-cloud-applicationssd.svg"
"32086-sap-integration-suitesd.svg","32086-sap-integration-suitesd","all-icons","all-icons-03","M","all-icons-03/32086-sap-integration-suitesd.svg"
"32087-graphsd.svg","32087-graphsd","all-icons","all-icons-03","M","all-icons-03/32087-graphsd.svg"
"32124-sap-document-grounding.svg","32124-sap-document-grounding","all-icons","all-icons-03","S","all-icons-03/32124-sap-document-grounding.svg"
"32127-sap-authorization-managementsd.svg","32127-sap-authorization-managementsd","all-icons","all-icons-03","M","all-icons-03/32127-sap-authorization-managementsd.svg"
"32128-sap-identity-directory.svg","32128-sap-identity-directory","all-icons","all-icons-03","M","all-icons-03/32128-sap-identity-directory.svg"
"32129-sap-cloud-identity-service.svg","32129-sap-cloud-identity-service","all-icons","all-icons-03","M","all-icons-03/32129-sap-cloud-identity-service.svg"
"32130-sap-secure-login-service-for-sap-guisd.svg","32130-sap-secure-login-service-for-sap-guisd","all-icons","all-icons-03","M","all-icons-03/32130-sap-secure-login-service-for-sap-guisd.svg"
"32131-sap-digital-manufacturingsd.svg","32131-sap-digital-manufacturingsd","all-icons","all-icons-03","M","all-icons-03/32131-sap-digital-manufacturingsd.svg"
"32133-api-managementsd.svg","32133-api-managementsd","all-icons","all-icons-03","M","all-icons-03/32133-api-managementsd.svg"
"32134-cloud-integrationsd.svg","32134-cloud-integrationsd","all-icons","all-icons-03","M","all-icons-03/32134-cloud-integrationsd.svg"
"32135-data-space-integrationsd.svg","32135-data-space-integrationsd","all-icons","all-icons-03","M","all-icons-03/32135-data-space-integrationsd.svg"
"32136-edge-integration-cellsd.svg","32136-edge-integration-cellsd","all-icons","all-icons-03","M","all-icons-03/32136-edge-integration-cellsd.svg"
"32138-integration-advisorsd.svg","32138-integration-advisorsd","all-icons","all-icons-03","M","all-icons-03/32138-integration-advisorsd.svg"
"32139-integration-assessmentsd.svg","32139-integration-assessmentsd","all-icons","all-icons-04","M","all-icons-04/32139-integration-assessmentsd.svg"
"32140-migration-assessmentsd.svg","32140-migration-assessmentsd","all-icons","all-icons-04","M","all-icons-04/32140-migration-assessmentsd.svg"
"32141-open-connectorssd.svg","32141-open-connectorssd","all-icons","all-icons-04","M","all-icons-04/32141-open-connectorssd.svg"
"32142-trading-partner-managementsd.svg","32142-trading-partner-managementsd","all-icons","all-icons-04","M","all-icons-04/32142-trading-partner-managementsd.svg"
"32146-sap-sustainability-data-exchangesd.svg","32146-sap-sustainability-data-exchangesd","all-icons","all-icons-04","M","all-icons-04/32146-sap-sustainability-data-exchangesd.svg"
"32147-sap-ui-theme-designer.svg","32147-sap-ui-theme-designer","all-icons","all-icons-04","M","all-icons-04/32147-sap-ui-theme-designer.svg"
"32148-cloud-connector.svg","32148-cloud-connector","all-icons","all-icons-04","M","all-icons-04/32148-cloud-connector.svg"
"32149-sap-collaborative-demand-and-capacity-managementsd.svg","32149-sap-collaborative-demand-and-capacity-managementsd","all-icons","all-icons-04","M","all-icons-04/32149-sap-collaborative-demand-and-capacity-managementsd.svg"
"32152-sap-watch-list-screeningsd.svg","32152-sap-watch-list-screeningsd","all-icons","all-icons-04","M","all-icons-04/32152-sap-watch-list-screeningsd.svg"
"32153-sap-business-accelerator--hubsd.svg","32153-sap-business-accelerator- hubsd","all-icons","all-icons-04","M","all-icons-04/32153-sap-business-accelerator--hubsd.svg"
"32154-sap-api-hub-enterprise.svg","32154-sap-api-hub-enterprise","all-icons","all-icons-04","M","all-icons-04/32154-sap-api-hub-enterprise.svg"
"32156-sap-pki-certificate-servicesd.svg","32156-sap-pki-certificate-servicesd","all-icons","all-icons-04","M","all-icons-04/32156-sap-pki-certificate-servicesd.svg"
"33122-extensibility-service-for-sap-btpsd.svg","33122-extensibility-service-for-SAP-BTPsd","all-icons","all-icons-04","M","all-icons-04/33122-extensibility-service-for-sap-btpsd.svg"
"33123-business-process-model-connector-for-sap-signavio-solutionssd.svg","33123-business-process-model-connector-for-sap-signavio-solutionssd","all-icons","all-icons-04","M","all-icons-04/33123-business-process-model-connector-for-sap-signavio-solutionssd.svg"
"33126-sap-asset-performance-managementsd.svg","33126-sap-asset-performance-managementsd","all-icons","all-icons-04","M","all-icons-04/33126-sap-asset-performance-managementsd.svg"
"33146-sap-cloud-application-programming-modelsd.svg","33146-sap-cloud-application-programming-modelsd","all-icons","all-icons-04","M","all-icons-04/33146-sap-cloud-application-programming-modelsd.svg"
"33147-sap-project-and-resource-managementsd.svg","33147-sap-project-and-resource-managementsd","all-icons","all-icons-04","M","all-icons-04/33147-sap-project-and-resource-managementsd.svg"
"33149-sap-s4hana-for-microsoft-teamssd.svg","33149-sap-s4hana-for-microsoft-teamssd","all-icons","all-icons-04","M","all-icons-04/33149-sap-s4hana-for-microsoft-teamssd.svg"
"34152-sap-business-data-cloudsd.svg","34152-sap-business-data-cloudsd","all-icons","all-icons-04","M","all-icons-04/34152-sap-business-data-cloudsd.svg"
"34156-sap-cloud-almsd.svg","34156-sap-cloud-almsd","all-icons","all-icons-04","M","all-icons-04/34156-sap-cloud-almsd.svg"
"34157-sap-buildsd.svg","34157-sap-buildsd","all-icons","all-icons-04","M","all-icons-04/34157-sap-buildsd.svg"
"34158-application-frontend-servicesd.svg","34158-application-frontend-servicesd","all-icons","all-icons-04","M","all-icons-04/34158-application-frontend-servicesd.svg"
"35158-joule-studiosd.svg","35158-joule studiosd","all-icons","all-icons-04","M","all-icons-04/35158-joule-studiosd.svg"
"48048-advanced-event-meshsd.svg","48048-advanced-event-meshsd","all-icons","all-icons-04","L","all-icons-04/48048-advanced-event-meshsd.svg"
"48071-sap-identity-authentication.svg","48071-sap-identity-authentication","all-icons","all-icons-04","L","all-icons-04/48071-sap-identity-authentication.svg"
"48072-sap-identity-provisoning.svg","48072-sap-identity-provisoning","all-icons","all-icons-04","L","all-icons-04/48072-sap-identity-provisoning.svg"
"48082-sap-event-broker-for-sap-cloud-applicationssd.svg","48082-sap-event-broker-for-sap-cloud-applicationssd","all-icons","all-icons-04","L","all-icons-04/48082-sap-event-broker-for-sap-cloud-applicationssd.svg"
"48086-sap-integration-suitesd.svg","48086-sap-integration-suitesd","all-icons","all-icons-04","L","all-icons-04/48086-sap-integration-suitesd.svg"
"48087-graphsd.svg","48087-graphsd","all-icons","all-icons-04","L","all-icons-04/48087-graphsd.svg"
"48127-sap-authorization-managementsd.svg","48127-sap-authorization-managementsd","all-icons","all-icons-04","L","all-icons-04/48127-sap-authorization-managementsd.svg"
"48128-sap-identity-directory.svg","48128-sap-identity-directory","all-icons","all-icons-05","L","all-icons-05/48128-sap-identity-directory.svg"
"48129-sap-cloud-identity-service.svg","48129-sap-cloud-identity-service","all-icons","all-icons-05","L","all-icons-05/48129-sap-cloud-identity-service.svg"
"48130-sap-secure-login-service-for-sap-guisd.svg","48130-sap-secure-login-service-for-sap-guisd","all-icons","all-icons-05","L","all-icons-05/48130-sap-secure-login-service-for-sap-guisd.svg"
"48133-api-managementsd.svg","48133-api-managementsd","all-icons","all-icons-05","L","all-icons-05/48133-api-managementsd.svg"
"48134-cloud-integrationsd.svg","48134-cloud-integrationsd","all-icons","all-icons-05","L","all-icons-05/48134-cloud-integrationsd.svg"
"48135-data-space-integrationsd.svg","48135-data-space-integrationsd","all-icons","all-icons-05","L","all-icons-05/48135-data-space-integrationsd.svg"
"48136-edge-integration-cellsd.svg","48136-edge-integration-cellsd","all-icons","all-icons-05","L","all-icons-05/48136-edge-integration-cellsd.svg"
"48138-integration-advisorsd.svg","48138-integration-advisorsd","all-icons","all-icons-05","L","all-icons-05/48138-integration-advisorsd.svg"
"48139-integration-assessmentsd.svg","48139-integration-assessmentsd","all-icons","all-icons-05","L","all-icons-05/48139-integration-assessmentsd.svg"
"48140-migration-assessmentsd.svg","48140-migration-assessmentsd","all-icons","all-icons-05","L","all-icons-05/48140-migration-assessmentsd.svg"
"48141-open-connectorssd.svg","48141-open-connectorssd","all-icons","all-icons-05","L","all-icons-05/48141-open-connectorssd.svg"
"48142-trading-partner-managementsd.svg","48142-trading-partner-managementsd","all-icons","all-icons-05","L","all-icons-05/48142-trading-partner-managementsd.svg"
"48147-sap-ui-theme-designer.svg","48147-sap-ui-theme-designer","all-icons","all-icons-05","L","all-icons-05/48147-sap-ui-theme-designer.svg"
"48148-cloud-connector.svg","48148-cloud-connector","all-icons","all-icons-05","L","all-icons-05/48148-cloud-connector.svg"
"48148-sap-document-grounding.svg","48148-sap-document-grounding","all-icons","all-icons-05","L","all-icons-05/48148-sap-document-grounding.svg"
"48153-sap-business-accelerator--hubsd.svg","48153-sap-business-accelerator- hubsd","all-icons","all-icons-05","L","all-icons-05/48153-sap-business-accelerator--hubsd.svg"
"48154-sap-api-hub-enterprise.svg","48154-sap-api-hub-enterprise","all-icons","all-icons-05","L","all-icons-05/48154-sap-api-hub-enterprise.svg"
"10030-sap-html5-application-repository-service-for-sap-btp-sd.svg","10030-sap-html5-application-repository-service-for-sap-btp sd","app-dev-automation","app-dev-automation","M","app-dev-automation/10030-sap-html5-application-repository-service-for-sap-btp-sd.svg"
"20016-sap-btpabap-environmentsd.svg","20016-sap-btpabap-environmentsd","app-dev-automation","app-dev-automation","M","app-dev-automation/20016-sap-btpabap-environmentsd.svg"
"20049-ui5-flexibility-for-key-userssd.svg","20049-ui5-flexibility-for-key-userssd","app-dev-automation","app-dev-automation","M","app-dev-automation/20049-ui5-flexibility-for-key-userssd.svg"
"20069-sap-business-application-studiosd.svg","20069-sap-business-application-studiosd","app-dev-automation","app-dev-automation","M","app-dev-automation/20069-sap-business-application-studiosd.svg"
"20091-sap-mobile-servicessdsvg.svg","20091-sap-mobile-servicessdsvg","app-dev-automation","app-dev-automation","M","app-dev-automation/20091-sap-mobile-servicessdsvg.svg"
"31018-sap-build-work-zone-advanced-edition-sd.svg","31018-sap-build-work-zone advanced-edition sd","app-dev-automation","app-dev-automation","M","app-dev-automation/31018-sap-build-work-zone-advanced-edition-sd.svg"
"31046-sap-task-center-sd.svg","31046-sap-task-center sd","app-dev-automation","app-dev-automation","M","app-dev-automation/31046-sap-task-center-sd.svg"
"31066-sap-build-apps-sd.svg","31066-sap-build-apps sd","app-dev-automation","app-dev-automation","M","app-dev-automation/31066-sap-build-apps-sd.svg"
"31067-sap-build-process-automationsd.svg","31067-sap-build-process-automationsd","app-dev-automation","app-dev-automation","M","app-dev-automation/31067-sap-build-process-automationsd.svg"
"31068-sap-build-work-zonesd.svg","31068-sap-build-work-zonesd","app-dev-automation","app-dev-automation","M","app-dev-automation/31068-sap-build-work-zonesd.svg"
"31109-sap-build-code-sd.svg","31109-sap-build-code sd","app-dev-automation","app-dev-automation","M","app-dev-automation/31109-sap-build-code-sd.svg"
"31109-sap-build-codesd.svg","31109-sap-build-codesd","app-dev-automation","app-dev-automation","S","app-dev-automation/31109-sap-build-codesd.svg"
"32147-sap-ui-theme-designer.svg","32147-sap-ui-theme-designer","app-dev-automation","app-dev-automation","M","app-dev-automation/32147-sap-ui-theme-designer.svg"
"33122-extensibility-service-for-sap-btpsd.svg","33122-extensibility-service-for-SAP-BTPsd","app-dev-automation","app-dev-automation","M","app-dev-automation/33122-extensibility-service-for-sap-btpsd.svg"
"33146-sap-cloud-application-programming-modelsd.svg","33146-sap-cloud-application-programming-modelsd","app-dev-automation","app-dev-automation","M","app-dev-automation/33146-sap-cloud-application-programming-modelsd.svg"
"34157-sap-buildsd.svg","34157-sap-buildsd","app-dev-automation","app-dev-automation","M","app-dev-automation/34157-sap-buildsd.svg"
"34158-application-frontend-servicesd.svg","34158-application-frontend-servicesd","app-dev-automation","app-dev-automation","M","app-dev-automation/34158-application-frontend-servicesd.svg"
"35158-joule-studiosd.svg","35158-joule studiosd","app-dev-automation","app-dev-automation","M","app-dev-automation/35158-joule-studiosd.svg"
"48147-sap-ui-theme-designer.svg","48147-sap-ui-theme-designer","app-dev-automation","app-dev-automation","L","app-dev-automation/48147-sap-ui-theme-designer.svg"
"10007-intelligent-situation-automationsd.svg","10007-intelligent-situation-automationsd","btp-saas","btp-saas","M","btp-saas/10007-intelligent-situation-automationsd.svg"
"10044-sap-s4hana-cloud-for-intelligent-intercompany-reconciliationsd.svg","10044-sap-s4hana-cloud-for-intelligent-intercompany-reconciliationsd","btp-saas","btp-saas","M","btp-saas/10044-sap-s4hana-cloud-for-intelligent-intercompany-reconciliationsd.svg"
"20036-sap-landscape-management-cloudsd.svg","20036-sap-landscape-management-cloudsd","btp-saas","btp-saas","M","btp-saas/20036-sap-landscape-management-cloudsd.svg"
"20093-sap-omnichannel-promotion-pricingsd.svg","20093-sap-omnichannel-promotion-pricingsd","btp-saas","btp-saas","M","btp-saas/20093-sap-omnichannel-promotion-pricingsd.svg"
"20096-sap-variant-configuration-and-pricingsd.svg","20096-sap-variant-configuration-and-pricingsd","btp-saas","btp-saas","M","btp-saas/20096-sap-variant-configuration-and-pricingsd.svg"
"31043-sap-responsibility-management-servicesd.svg","31043-sap-responsibility-management-servicesd","btp-saas","btp-saas","M","btp-saas/31043-sap-responsibility-management-servicesd.svg"
"31117-sap-green-tokensd.svg","31117-sap-green-tokensd","btp-saas","btp-saas","M","btp-saas/31117-sap-green-tokensd.svg"
"31118-sap-health-data-services-for-fhirsd.svg","31118-sap-health-data-services-for-fhirsd","btp-saas","btp-saas","M","btp-saas/31118-sap-health-data-services-for-fhirsd.svg"
"32131-sap-digital-manufacturingsd.svg","32131-sap-digital-manufacturingsd","btp-saas","btp-saas","M","btp-saas/32131-sap-digital-manufacturingsd.svg"
"32146-sap-sustainability-data-exchangesd.svg","32146-sap-sustainability-data-exchangesd","btp-saas","btp-saas","M","btp-saas/32146-sap-sustainability-data-exchangesd.svg"
"32149-sap-collaborative-demand-and-capacity-managementsd.svg","32149-sap-collaborative-demand-and-capacity-managementsd","btp-saas","btp-saas","M","btp-saas/32149-sap-collaborative-demand-and-capacity-managementsd.svg"
"32152-sap-watch-list-screeningsd.svg","32152-sap-watch-list-screeningsd","btp-saas","btp-saas","M","btp-saas/32152-sap-watch-list-screeningsd.svg"
"33123-business-process-model-connector-for-sap-signavio-solutionssd.svg","33123-business-process-model-connector-for-sap-signavio-solutionssd","btp-saas","btp-saas","M","btp-saas/33123-business-process-model-connector-for-sap-signavio-solutionssd.svg"
"33126-sap-asset-performance-managementsd.svg","33126-sap-asset-performance-managementsd","btp-saas","btp-saas","M","btp-saas/33126-sap-asset-performance-managementsd.svg"
"33147-sap-project-and-resource-managementsd.svg","33147-sap-project-and-resource-managementsd","btp-saas","btp-saas","M","btp-saas/33147-sap-project-and-resource-managementsd.svg"
"33149-sap-s4hana-for-microsoft-teamssd.svg","33149-sap-s4hana-for-microsoft-teamssd","btp-saas","btp-saas","M","btp-saas/33149-sap-s4hana-for-microsoft-teamssd.svg"
"34155-sap-logistics-managementsd.svg","34155-sap-logistics-managementsd","btp-saas","btp-saas","M","btp-saas/34155-sap-logistics-managementsd.svg"
"34156-sap-cloud-almsd.svg","34156-sap-cloud-almsd","btp-saas","btp-saas","M","btp-saas/34156-sap-cloud-almsd.svg"
"34159-customer-data-cloudsd.svg","34159-customer-data-cloudsd","btp-saas","btp-saas","M","btp-saas/34159-customer-data-cloudsd.svg"
"10013-sap-analytics-cloud-embedded-editionsd.svg","10013-sap-analytics-cloud-embedded-editionsd","data-analytics","data-analytics","M","data-analytics/10013-sap-analytics-cloud-embedded-editionsd.svg"
"10025-sap-dataspheresd.svg","10025-sap-dataspheresd","data-analytics","data-analytics","M","data-analytics/10025-sap-dataspheresd.svg"
"20061-sap-analytics-cloudsd.svg","20061-sap-analytics-cloudsd","data-analytics","data-analytics","M","data-analytics/20061-sap-analytics-cloudsd.svg"
"20083-sap-hana-cloudsd.svg","20083-sap-hana-cloudsd","data-analytics","data-analytics","M","data-analytics/20083-sap-hana-cloudsd.svg"
"20094-sap-persistence-service-asesd.svg","20094-sap-persistence-service-asesd","data-analytics","data-analytics","M","data-analytics/20094-sap-persistence-service-asesd.svg"
"31085-sap-hana-spatial-servicessd.svg","31085-sap-hana-spatial-servicessd","data-analytics","data-analytics","M","data-analytics/31085-sap-hana-spatial-servicessd.svg"
"31119-sap-master-data-governancesd.svg","31119-sap-master-data-governancesd","data-analytics","data-analytics","M","data-analytics/31119-sap-master-data-governancesd.svg"
"34152-sap-business-data-cloudsd.svg","34152-sap-business-data-cloudsd","data-analytics","data-analytics","M","data-analytics/34152-sap-business-data-cloudsd.svg"
"step-2-end-user.svg","Step 2 End User","demo","demo","default","demo/step-2-end-user.svg"
"step-3-sap-build-work-zone.svg","Step 3 SAP Build Work Zone","demo","demo","default","demo/step-3-sap-build-work-zone.svg"
"step-4-cis.svg","Step 4 CIS","demo","demo","default","demo/step-4-cis.svg"
"step-5-connections.svg","Step 5 Connections","demo","demo","default","demo/step-5-connections.svg"
"step-7-be.svg","Step 7 BE","demo","demo","default","demo/step-7-be.svg"
"step-8-legend.svg","Step 8 Legend","demo","demo","default","demo/step-8-legend.svg"
"3rd-party.svg","3rd party","essentials","essentials","default","essentials/3rd-party.svg"
"3rd-party-apis.svg","3rd party APIs","essentials","essentials","default","essentials/3rd-party-apis.svg"
"3rd-party-idp-and-protocols.svg","3rd party IdP and protocols","essentials","essentials","default","essentials/3rd-party-idp-and-protocols.svg"
"btp-base-layer.svg","BTP base layer","essentials","essentials","default","essentials/btp-base-layer.svg"
"cloud-connector.svg","Cloud Connector","essentials","essentials","default","essentials/cloud-connector.svg"
"cloud-solutions.svg","Cloud solutions","essentials","essentials","default","essentials/cloud-solutions.svg"
"on-premise.svg","On-Premise","essentials","essentials","default","essentials/on-premise.svg"
"user-and-client.svg","User and client","essentials","essentials","default","essentials/user-and-client.svg"
"10002-cloud-integration-automationsd.svg","10002-cloud-integration-automationsd","foundational","foundational-01","M","foundational-01/10002-cloud-integration-automationsd.svg"
"10009-object-store-on-sap-btpsd.svg","10009-object-store-on-sap-btpsd","foundational","foundational-01","M","foundational-01/10009-object-store-on-sap-btpsd.svg"
"10014-sap-audit-log-servicesd.svg","10014-sap-audit-log-servicesd","foundational","foundational-01","M","foundational-01/10014-sap-audit-log-servicesd.svg"
"10017-sap-btpcloud-foundry-runtimesd.svg","10017-sap-btpcloud-foundry-runtimesd","foundational","foundational-01","M","foundational-01/10017-sap-btpcloud-foundry-runtimesd.svg"
"10022-sap-continuous-integration-and-deliverysd.svg","10022-sap-continuous-integration-and-deliverysd","foundational","foundational-01","M","foundational-01/10022-sap-continuous-integration-and-deliverysd.svg"
"10023-sap-data-privacy-integrationsd.svg","10023-sap-data-privacy-integrationsd","foundational","foundational-01","M","foundational-01/10023-sap-data-privacy-integrationsd.svg"
"10035-sap-cloud-identitysap-keystore-servicesd.svg","10035-sap-cloud-identitysap-keystore-servicesd","foundational","foundational-01","M","foundational-01/10035-sap-cloud-identitysap-keystore-servicesd.svg"
"10037-sap-cloud-identitysap-malware-scanning-servicesd.svg","10037-sap-cloud-identitysap-malware-scanning-servicesd","foundational","foundational-01","M","foundational-01/10037-sap-cloud-identitysap-malware-scanning-servicesd.svg"
"10039-sap-master-data-integrationsd.svg","10039-sap-master-data-integrationsd","foundational","foundational-01","M","foundational-01/10039-sap-master-data-integrationsd.svg"
"10042-sap-private-link-servicesd.svg","10042-sap-private-link-servicesd","foundational","foundational-01","M","foundational-01/10042-sap-private-link-servicesd.svg"
"20051-application-autoscalersd.svg","20051-application-autoscalersd","foundational","foundational-01","M","foundational-01/20051-application-autoscalersd.svg"
"20053-sap-cloud-management-service-for-sap-btpsd.svg","20053-sap-cloud-management-service-for-sap-btpsd","foundational","foundational-01","M","foundational-01/20053-sap-cloud-management-service-for-sap-btpsd.svg"
"20062-sap-application-logging-service-for-sap-btpsd.svg","20062-sap-application-logging-service-for-sap-btpsd","foundational","foundational-01","M","foundational-01/20062-sap-application-logging-service-for-sap-btpsd.svg"
"20065-sap-btpkyma-runtimesd.svg","20065-sap-btpkyma-runtimesd","foundational","foundational-01","M","foundational-01/20065-sap-btpkyma-runtimesd.svg"
"20070-oauth-20-on-sap-btpsd.svg","20070-oauth-20-on-sap-btpsd","foundational","foundational-01","M","foundational-01/20070-oauth-20-on-sap-btpsd.svg"
"20074-sap-cloud-identitysap-custom-domain-servicesd.svg","20074-sap-cloud-identitysap-custom-domain-servicesd","foundational","foundational-01","M","foundational-01/20074-sap-cloud-identitysap-custom-domain-servicesd.svg"
"20076-sap-cloud-transport-managementsd.svg","20076-sap-cloud-transport-managementsd","foundational","foundational-01","M","foundational-01/20076-sap-cloud-transport-managementsd.svg"
"20080-sap-destination-servicesd.svg","20080-sap-destination-servicesd","foundational","foundational-01","M","foundational-01/20080-sap-destination-servicesd.svg"
"20090-sap-job-scheduling-servicesd.svg","20090-sap-job-scheduling-servicesd","foundational","foundational-01","M","foundational-01/20090-sap-job-scheduling-servicesd.svg"
"20092-sap-monitoring-service-for-sap-btpsd.svg","20092-sap-monitoring-service-for-sap-btpsd","foundational","foundational-01","M","foundational-01/20092-sap-monitoring-service-for-sap-btpsd.svg"
"20098-service-managersd.svg","20098-service-managersd","foundational","foundational-01","M","foundational-01/20098-service-managersd.svg"
"31015-sap-cloud-identitysap-authorization-and-trust-management-servicesd.svg","31015-sap-cloud-identitysap-authorization-and-trust-management-servicesd","foundational","foundational-01","M","foundational-01/31015-sap-cloud-identitysap-authorization-and-trust-management-servicesd.svg"
"31021-sap-content-agent-servicesd.svg","31021-sap-content-agent-servicesd","foundational","foundational-01","L","foundational-01/31021-sap-content-agent-servicesd.svg"
"31024-sap-data-retention-managersd.svg","31024-sap-data-retention-managersd","foundational","foundational-01","M","foundational-01/31024-sap-data-retention-managersd.svg"
"31027-sap-document-management-servicesd.svg","31027-sap-document-management-servicesd","foundational","foundational-01","M","foundational-01/31027-sap-document-management-servicesd.svg"
"31040-sap-personal-data-managersd.svg","31040-sap-personal-data-managersd","foundational","foundational-01","M","foundational-01/31040-sap-personal-data-managersd.svg"
"31045-sap-solution-lifecycle-management-service-for-sap-btpsd.svg","31045-sap-solution-lifecycle-management-service-for-sap-btpsd","foundational","foundational-01","M","foundational-01/31045-sap-solution-lifecycle-management-service-for-sap-btpsd.svg"
"31060-sap-alert-notification-service-for-sap-btpsd.svg","31060-sap-alert-notification-service-for-sap-btpsd","foundational","foundational-01","M","foundational-01/31060-sap-alert-notification-service-for-sap-btpsd.svg"
"31063-sap-automation-pilotsd.svg","31063-sap-automation-pilotsd","foundational","foundational-01","M","foundational-01/31063-sap-automation-pilotsd.svg"
"31073-sap-cloud-identitysap-credential-storesd.svg","31073-sap-cloud-identitysap-credential-storesd","foundational","foundational-01","M","foundational-01/31073-sap-cloud-identitysap-credential-storesd.svg"
"31104-landscape-portal-for-sap-s4hana-cloudabap-environmentsd.svg","31104-landscape-portal-for-sap-s4hana-cloudabap-environmentsd","foundational","foundational-02","M","foundational-02/31104-landscape-portal-for-sap-s4hana-cloudabap-environmentsd.svg"
"31112-cloud-loggingsd.svg","31112-cloud-loggingsd","foundational","foundational-02","M","foundational-02/31112-cloud-loggingsd.svg"
"31112-sap-cloud-loggingsd.svg","31112-sap-cloud-loggingsd","foundational","foundational-02","S","foundational-02/31112-sap-cloud-loggingsd.svg"
"31113-sap-connectivity-servicesd.svg","31113-sap-connectivity-servicesd","foundational","foundational-02","M","foundational-02/31113-sap-connectivity-servicesd.svg"
"31120-sap-software-as-a-service-provisioning-servicesd.svg","31120-sap-software-as-a-service-provisioning-servicesd","foundational","foundational-02","M","foundational-02/31120-sap-software-as-a-service-provisioning-servicesd.svg"
"32021-sap-content-agent-servicesd.svg","32021-sap-content-agent-servicesd","foundational","foundational-02","M","foundational-02/32021-sap-content-agent-servicesd.svg"
"32071-sap-identity-authentication.svg","32071-sap-identity-authentication","foundational","foundational-02","M","foundational-02/32071-sap-identity-authentication.svg"
"32072-sap-identity-provisoning.svg","32072-sap-identity-provisoning","foundational","foundational-02","M","foundational-02/32072-sap-identity-provisoning.svg"
"32082-sap-event-broker-for-sap-cloud-applicationssd.svg","32082-sap-event-broker-for-sap-cloud-applicationssd","foundational","foundational-02","M","foundational-02/32082-sap-event-broker-for-sap-cloud-applicationssd.svg"
"32127-sap-authorization-managementsd.svg","32127-sap-authorization-managementsd","foundational","foundational-02","M","foundational-02/32127-sap-authorization-managementsd.svg"
"32128-sap-identity-directory.svg","32128-sap-identity-directory","foundational","foundational-02","M","foundational-02/32128-sap-identity-directory.svg"
"32129-sap-cloud-identity-service.svg","32129-sap-cloud-identity-service","foundational","foundational-02","M","foundational-02/32129-sap-cloud-identity-service.svg"
"32130-sap-secure-login-service-for-sap-guisd.svg","32130-sap-secure-login-service-for-sap-guisd","foundational","foundational-02","M","foundational-02/32130-sap-secure-login-service-for-sap-guisd.svg"
"32148-cloud-connector.svg","32148-cloud-connector","foundational","foundational-02","M","foundational-02/32148-cloud-connector.svg"
"32156-sap-pki-certificate-servicesd.svg","32156-sap-pki-certificate-servicesd","foundational","foundational-02","M","foundational-02/32156-sap-pki-certificate-servicesd.svg"
"34158-application-frontend-servicesd.svg","34158-application-frontend-servicesd","foundational","foundational-02","M","foundational-02/34158-application-frontend-servicesd.svg"
"48071-sap-identity-authentication.svg","48071-sap-identity-authentication","foundational","foundational-02","L","foundational-02/48071-sap-identity-authentication.svg"
"48072-sap-identity-provisoning.svg","48072-sap-identity-provisoning","foundational","foundational-02","L","foundational-02/48072-sap-identity-provisoning.svg"
"48082-sap-event-broker-for-sap-cloud-applicationssd.svg","48082-sap-event-broker-for-sap-cloud-applicationssd","foundational","foundational-02","L","foundational-02/48082-sap-event-broker-for-sap-cloud-applicationssd.svg"
"48127-sap-authorization-managementsd.svg","48127-sap-authorization-managementsd","foundational","foundational-02","L","foundational-02/48127-sap-authorization-managementsd.svg"
"48128-sap-identity-directory.svg","48128-sap-identity-directory","foundational","foundational-02","L","foundational-02/48128-sap-identity-directory.svg"
"48129-sap-cloud-identity-service.svg","48129-sap-cloud-identity-service","foundational","foundational-02","L","foundational-02/48129-sap-cloud-identity-service.svg"
"48130-sap-secure-login-service-for-sap-guisd.svg","48130-sap-secure-login-service-for-sap-guisd","foundational","foundational-02","L","foundational-02/48130-sap-secure-login-service-for-sap-guisd.svg"
"48148-cloud-connector.svg","48148-cloud-connector","foundational","foundational-02","L","foundational-02/48148-cloud-connector.svg"
"application-vulnerability-report.svg","Application Vulnerability Report","foundational","foundational-02","L","foundational-02/application-vulnerability-report.svg"
"adapter-highlight-size-m.svg","Adapter Highlight Size M","generic-icons","generic-icons-01","M","generic-icons-01/adapter-highlight-size-m.svg"
"adapter-highlight-size-s.svg","Adapter Highlight Size S","generic-icons","generic-icons-01","S","generic-icons-01/adapter-highlight-size-s.svg"
"adapter-non-sap-size-m.svg","Adapter Non-SAP Size M","generic-icons","generic-icons-01","M","generic-icons-01/adapter-non-sap-size-m.svg"
"adapter-non-sap-size-s.svg","Adapter Non-SAP Size S","generic-icons","generic-icons-01","S","generic-icons-01/adapter-non-sap-size-s.svg"
"adapter-sap-size-m.svg","Adapter SAP Size M","generic-icons","generic-icons-01","M","generic-icons-01/adapter-sap-size-m.svg"
"adapter-sap-size-s.svg","Adapter SAP Size S","generic-icons","generic-icons-01","S","generic-icons-01/adapter-sap-size-s.svg"
"admin-highlight-size-m.svg","Admin Highlight Size M","generic-icons","generic-icons-01","M","generic-icons-01/admin-highlight-size-m.svg"
"admin-highlight-size-s.svg","Admin Highlight Size S","generic-icons","generic-icons-01","S","generic-icons-01/admin-highlight-size-s.svg"
"admin-non-sap-size-m.svg","Admin Non-SAP Size M","generic-icons","generic-icons-01","M","generic-icons-01/admin-non-sap-size-m.svg"
"admin-non-sap-size-s.svg","Admin Non-SAP Size S","generic-icons","generic-icons-01","S","generic-icons-01/admin-non-sap-size-s.svg"
"admin-sap-size-m.svg","Admin SAP Size M","generic-icons","generic-icons-01","M","generic-icons-01/admin-sap-size-m.svg"
"admin-sap-size-s.svg","Admin SAP Size S","generic-icons","generic-icons-01","S","generic-icons-01/admin-sap-size-s.svg"
"ai-agent-m.svg","AI Agent M","generic-icons","generic-icons-01","M","generic-icons-01/ai-agent-m.svg"
"ai-agent-s.svg","AI Agent S","generic-icons","generic-icons-01","S","generic-icons-01/ai-agent-s.svg"
"ai-highlight-size-m.svg","AI Highlight-Size M","generic-icons","generic-icons-01","M","generic-icons-01/ai-highlight-size-m.svg"
"ai-highlight-size-s.svg","AI Highlight-Size S","generic-icons","generic-icons-01","S","generic-icons-01/ai-highlight-size-s.svg"
"ai-non-sap-size-m.svg","AI Non-SAP-Size M","generic-icons","generic-icons-01","M","generic-icons-01/ai-non-sap-size-m.svg"
"ai-non-sap-size-s.svg","AI Non-SAP-Size S","generic-icons","generic-icons-01","S","generic-icons-01/ai-non-sap-size-s.svg"
"ai-sap-size-m.svg","AI SAP-Size M","generic-icons","generic-icons-01","M","generic-icons-01/ai-sap-size-m.svg"
"ai-sap-size-s.svg","AI SAP-Size S","generic-icons","generic-icons-01","S","generic-icons-01/ai-sap-size-s.svg"
"alert-highlight-size-m.svg","Alert Highlight Size M","generic-icons","generic-icons-01","M","generic-icons-01/alert-highlight-size-m.svg"
"alert-highlight-size-s.svg","Alert Highlight Size S","generic-icons","generic-icons-01","S","generic-icons-01/alert-highlight-size-s.svg"
"alert-non-sap-size-m.svg","Alert Non-SAP Size M","generic-icons","generic-icons-01","M","generic-icons-01/alert-non-sap-size-m.svg"
"alert-non-sap-size-s.svg","Alert Non-SAP Size S","generic-icons","generic-icons-01","S","generic-icons-01/alert-non-sap-size-s.svg"
"alert-sap-size-m.svg","Alert SAP Size M","generic-icons","generic-icons-01","M","generic-icons-01/alert-sap-size-m.svg"
"alert-sap-size-s.svg","Alert SAP Size S","generic-icons","generic-icons-01","S","generic-icons-01/alert-sap-size-s.svg"
"api-highlight-size-m.svg","API Highlight Size M","generic-icons","generic-icons-01","M","generic-icons-01/api-highlight-size-m.svg"
"api-highlight-size-s.svg","API Highlight Size S","generic-icons","generic-icons-01","S","generic-icons-01/api-highlight-size-s.svg"
"api-non-sap-size-m.svg","API Non-SAP Size M","generic-icons","generic-icons-01","M","generic-icons-01/api-non-sap-size-m.svg"
"api-non-sap-size-s.svg","API Non-SAP Size S","generic-icons","generic-icons-01","S","generic-icons-01/api-non-sap-size-s.svg"
"api-sap-size-m.svg","API SAP Size M","generic-icons","generic-icons-02","M","generic-icons-02/api-sap-size-m.svg"
"api-sap-size-s.svg","API SAP Size S","generic-icons","generic-icons-02","S","generic-icons-02/api-sap-size-s.svg"
"app-highlight-size-m.svg","App Highlight Size M","generic-icons","generic-icons-02","M","generic-icons-02/app-highlight-size-m.svg"
"app-highlight-size-s.svg","App Highlight Size S","generic-icons","generic-icons-02","S","generic-icons-02/app-highlight-size-s.svg"
"app-non-sap-size-m.svg","App Non-SAP Size M","generic-icons","generic-icons-02","M","generic-icons-02/app-non-sap-size-m.svg"
"app-non-sap-size-s.svg","App Non-SAP Size S","generic-icons","generic-icons-02","S","generic-icons-02/app-non-sap-size-s.svg"
"app-sap-size-m.svg","App SAP Size M","generic-icons","generic-icons-02","M","generic-icons-02/app-sap-size-m.svg"
"app-sap-size-s.svg","App SAP Size S","generic-icons","generic-icons-02","S","generic-icons-02/app-sap-size-s.svg"
"building-highlight-size-m.svg","Building Highlight Size M","generic-icons","generic-icons-02","M","generic-icons-02/building-highlight-size-m.svg"
"building-highlight-size-s.svg","Building Highlight Size S","generic-icons","generic-icons-02","S","generic-icons-02/building-highlight-size-s.svg"
"building-non-sap-size-m.svg","Building Non-SAP Size M","generic-icons","generic-icons-02","M","generic-icons-02/building-non-sap-size-m.svg"
"building-non-sap-size-s.svg","Building Non-SAP Size S","generic-icons","generic-icons-02","S","generic-icons-02/building-non-sap-size-s.svg"
"building-sap-size-m.svg","Building SAP Size M","generic-icons","generic-icons-02","M","generic-icons-02/building-sap-size-m.svg"
"building-sap-size-s.svg","Building SAP Size S","generic-icons","generic-icons-02","S","generic-icons-02/building-sap-size-s.svg"
"cloud-connector-highlight-size-m.svg","Cloud Connector Highlight Size M","generic-icons","generic-icons-02","M","generic-icons-02/cloud-connector-highlight-size-m.svg"
"cloud-connector-highlight-size-s.svg","Cloud Connector Highlight Size S","generic-icons","generic-icons-02","S","generic-icons-02/cloud-connector-highlight-size-s.svg"
"cloud-connector-non-sap-size-m.svg","Cloud Connector Non-SAP Size M","generic-icons","generic-icons-02","M","generic-icons-02/cloud-connector-non-sap-size-m.svg"
"cloud-connector-non-sap-size-s.svg","Cloud Connector Non-SAP Size S","generic-icons","generic-icons-02","S","generic-icons-02/cloud-connector-non-sap-size-s.svg"
"cloud-connector-sap-size-m.svg","Cloud Connector SAP Size M","generic-icons","generic-icons-02","M","generic-icons-02/cloud-connector-sap-size-m.svg"
"cloud-connector-sap-size-s.svg","Cloud Connector SAP Size S","generic-icons","generic-icons-02","S","generic-icons-02/cloud-connector-sap-size-s.svg"
"cloud-highlight-size-m.svg","Cloud Highlight Size M","generic-icons","generic-icons-02","M","generic-icons-02/cloud-highlight-size-m.svg"
"cloud-highlight-size-s.svg","Cloud Highlight Size S","generic-icons","generic-icons-02","S","generic-icons-02/cloud-highlight-size-s.svg"
"cloud-non-sap-size-m.svg","Cloud Non-SAP Size M","generic-icons","generic-icons-02","M","generic-icons-02/cloud-non-sap-size-m.svg"
"cloud-non-sap-size-s.svg","Cloud Non-SAP Size S","generic-icons","generic-icons-02","S","generic-icons-02/cloud-non-sap-size-s.svg"
"cloud-sap-size-m.svg","Cloud SAP Size M","generic-icons","generic-icons-02","M","generic-icons-02/cloud-sap-size-m.svg"
"cloud-sap-size-s.svg","Cloud SAP Size S","generic-icons","generic-icons-02","S","generic-icons-02/cloud-sap-size-s.svg"
"collision-highlight-size-m.svg","Collision Highlight-Size M","generic-icons","generic-icons-02","M","generic-icons-02/collision-highlight-size-m.svg"
"collision-highlight-size-s.svg","Collision Highlight-Size S","generic-icons","generic-icons-02","S","generic-icons-02/collision-highlight-size-s.svg"
"collision-non-sap-size-m.svg","Collision Non-SAP-Size M","generic-icons","generic-icons-02","M","generic-icons-02/collision-non-sap-size-m.svg"
"collision-non-sap-size-s.svg","Collision Non-SAP-Size S","generic-icons","generic-icons-02","S","generic-icons-02/collision-non-sap-size-s.svg"
"collision-sap-size-m.svg","Collision SAP-Size M","generic-icons","generic-icons-03","M","generic-icons-03/collision-sap-size-m.svg"
"collision-sap-size-s.svg","Collision SAP-Size S","generic-icons","generic-icons-03","S","generic-icons-03/collision-sap-size-s.svg"
"da-highlight-size-m.svg","DA Highlight-Size M","generic-icons","generic-icons-03","M","generic-icons-03/da-highlight-size-m.svg"
"da-highlight-size-s.svg","DA Highlight-Size S","generic-icons","generic-icons-03","S","generic-icons-03/da-highlight-size-s.svg"
"da-non-sap-size-m.svg","DA Non-SAP-Size M","generic-icons","generic-icons-03","M","generic-icons-03/da-non-sap-size-m.svg"
"da-non-sap-size-s.svg","DA Non-SAP-Size S","generic-icons","generic-icons-03","S","generic-icons-03/da-non-sap-size-s.svg"
"da-sap-size-m.svg","DA SAP-Size M","generic-icons","generic-icons-03","M","generic-icons-03/da-sap-size-m.svg"
"da-sap-size-s.svg","DA SAP-Size S","generic-icons","generic-icons-03","S","generic-icons-03/da-sap-size-s.svg"
"deploy-highlight-size-m.svg","Deploy Highlight Size M","generic-icons","generic-icons-03","M","generic-icons-03/deploy-highlight-size-m.svg"
"deploy-highlight-size-s.svg","Deploy Highlight Size S","generic-icons","generic-icons-03","S","generic-icons-03/deploy-highlight-size-s.svg"
"deploy-non-sap-size-m.svg","Deploy Non-SAP Size M","generic-icons","generic-icons-03","M","generic-icons-03/deploy-non-sap-size-m.svg"
"deploy-non-sap-size-s.svg","Deploy Non-SAP Size S","generic-icons","generic-icons-03","S","generic-icons-03/deploy-non-sap-size-s.svg"
"deploy-sap-size-m.svg","Deploy SAP Size M","generic-icons","generic-icons-03","M","generic-icons-03/deploy-sap-size-m.svg"
"deploy-sap-size-s.svg","Deploy SAP Size S","generic-icons","generic-icons-03","S","generic-icons-03/deploy-sap-size-s.svg"
"desktop-highlight-size-m.svg","Desktop Highlight Size M","generic-icons","generic-icons-03","M","generic-icons-03/desktop-highlight-size-m.svg"
"desktop-highlight-size-s.svg","Desktop Highlight Size S","generic-icons","generic-icons-03","S","generic-icons-03/desktop-highlight-size-s.svg"
"desktop-non-sap-size-m.svg","Desktop Non-SAP Size M","generic-icons","generic-icons-03","M","generic-icons-03/desktop-non-sap-size-m.svg"
"desktop-non-sap-size-s.svg","Desktop Non-SAP Size S","generic-icons","generic-icons-03","S","generic-icons-03/desktop-non-sap-size-s.svg"
"desktop-sap-size-m.svg","Desktop SAP Size M","generic-icons","generic-icons-03","M","generic-icons-03/desktop-sap-size-m.svg"
"desktop-sap-size-s.svg","Desktop SAP Size S","generic-icons","generic-icons-03","S","generic-icons-03/desktop-sap-size-s.svg"
"detail-view-highlight-size-m.svg","Detail-View Highlight-Size M","generic-icons","generic-icons-03","M","generic-icons-03/detail-view-highlight-size-m.svg"
"detail-view-highlight-size-s.svg","Detail-View Highlight-Size S","generic-icons","generic-icons-03","S","generic-icons-03/detail-view-highlight-size-s.svg"
"detail-view-non-sap-size-m.svg","Detail-View Non-SAP-Size M","generic-icons","generic-icons-03","M","generic-icons-03/detail-view-non-sap-size-m.svg"
"detail-view-non-sap-size-s.svg","Detail-View Non-SAP-Size S","generic-icons","generic-icons-03","S","generic-icons-03/detail-view-non-sap-size-s.svg"
"detail-view-sap-size-m.svg","Detail-View SAP-Size M","generic-icons","generic-icons-03","M","generic-icons-03/detail-view-sap-size-m.svg"
"detail-view-sap-size-s.svg","Detail-View SAP-Size S","generic-icons","generic-icons-03","S","generic-icons-03/detail-view-sap-size-s.svg"
"devices-highlight-size-m.svg","Devices Highlight Size M","generic-icons","generic-icons-03","M","generic-icons-03/devices-highlight-size-m.svg"
"devices-highlight-size-s.svg","Devices Highlight Size S","generic-icons","generic-icons-03","S","generic-icons-03/devices-highlight-size-s.svg"
"devices-non-sap-size-m.svg","Devices Non-SAP Size M","generic-icons","generic-icons-03","M","generic-icons-03/devices-non-sap-size-m.svg"
"devices-non-sap-size-s.svg","Devices Non-SAP Size S","generic-icons","generic-icons-03","S","generic-icons-03/devices-non-sap-size-s.svg"
"devices-sap-size-m.svg","Devices SAP Size M","generic-icons","generic-icons-04","M","generic-icons-04/devices-sap-size-m.svg"
"devices-sap-size-s.svg","Devices SAP Size S","generic-icons","generic-icons-04","S","generic-icons-04/devices-sap-size-s.svg"
"document-highlight-size-m.svg","Document Highlight Size M","generic-icons","generic-icons-04","M","generic-icons-04/document-highlight-size-m.svg"
"document-highlight-size-s.svg","Document Highlight Size S","generic-icons","generic-icons-04","S","generic-icons-04/document-highlight-size-s.svg"
"document-non-sap-size-m.svg","Document Non-SAP Size M","generic-icons","generic-icons-04","M","generic-icons-04/document-non-sap-size-m.svg"
"document-non-sap-size-s.svg","Document Non-SAP Size S","generic-icons","generic-icons-04","S","generic-icons-04/document-non-sap-size-s.svg"
"document-sap-size-m.svg","Document SAP Size M","generic-icons","generic-icons-04","M","generic-icons-04/document-sap-size-m.svg"
"document-sap-size-s.svg","Document SAP Size S","generic-icons","generic-icons-04","S","generic-icons-04/document-sap-size-s.svg"
"documents-highlight-size-m.svg","Documents Highlight Size M","generic-icons","generic-icons-04","M","generic-icons-04/documents-highlight-size-m.svg"
"documents-highlight-size-s.svg","Documents Highlight Size S","generic-icons","generic-icons-04","S","generic-icons-04/documents-highlight-size-s.svg"
"documents-non-sap-size-m.svg","Documents Non-SAP Size M","generic-icons","generic-icons-04","M","generic-icons-04/documents-non-sap-size-m.svg"
"documents-non-sap-size-s.svg","Documents Non-SAP Size S","generic-icons","generic-icons-04","S","generic-icons-04/documents-non-sap-size-s.svg"
"documents-sap-size-m.svg","Documents SAP Size M","generic-icons","generic-icons-04","M","generic-icons-04/documents-sap-size-m.svg"
"documents-sap-size-s.svg","Documents SAP Size S","generic-icons","generic-icons-04","S","generic-icons-04/documents-sap-size-s.svg"
"event-highlight-size-m.svg","Event Highlight Size M","generic-icons","generic-icons-04","M","generic-icons-04/event-highlight-size-m.svg"
"event-highlight-size-s.svg","Event Highlight Size S","generic-icons","generic-icons-04","S","generic-icons-04/event-highlight-size-s.svg"
"event-non-sap-size-s.svg","Event Non-SAP Size S","generic-icons","generic-icons-04","M","generic-icons-04/event-non-sap-size-s.svg"
"event-sap-size-s.svg","Event SAP Size S","generic-icons","generic-icons-04","M","generic-icons-04/event-sap-size-s.svg"
"factory-highlight-size-m.svg","Factory Highlight Size M","generic-icons","generic-icons-04","M","generic-icons-04/factory-highlight-size-m.svg"
"factory-highlight-size-s.svg","Factory Highlight Size S","generic-icons","generic-icons-04","S","generic-icons-04/factory-highlight-size-s.svg"
"factory-non-sap-size-m.svg","Factory Non-SAP Size M","generic-icons","generic-icons-04","M","generic-icons-04/factory-non-sap-size-m.svg"
"factory-non-sap-size-s.svg","Factory Non-SAP Size S","generic-icons","generic-icons-04","S","generic-icons-04/factory-non-sap-size-s.svg"
"factory-sap-size-m.svg","Factory SAP Size M","generic-icons","generic-icons-04","M","generic-icons-04/factory-sap-size-m.svg"
"factory-sap-size-s.svg","Factory SAP Size S","generic-icons","generic-icons-04","S","generic-icons-04/factory-sap-size-s.svg"
"feature-highlight-size-m.svg","Feature Highlight Size M","generic-icons","generic-icons-04","M","generic-icons-04/feature-highlight-size-m.svg"
"feature-highlight-size-s.svg","Feature Highlight Size S","generic-icons","generic-icons-04","S","generic-icons-04/feature-highlight-size-s.svg"
"feature-non-sap-size-m.svg","Feature Non-SAP Size M","generic-icons","generic-icons-04","M","generic-icons-04/feature-non-sap-size-m.svg"
"feature-non-sap-size-s.svg","Feature Non-SAP Size S","generic-icons","generic-icons-04","S","generic-icons-04/feature-non-sap-size-s.svg"
"feature-sap-size-m.svg","Feature SAP Size M","generic-icons","generic-icons-04","M","generic-icons-04/feature-sap-size-m.svg"
"feature-sap-size-s.svg","Feature SAP Size S","generic-icons","generic-icons-04","S","generic-icons-04/feature-sap-size-s.svg"
"indent-highlight-size-m.svg","Indent Highlight-Size M","generic-icons","generic-icons-05","M","generic-icons-05/indent-highlight-size-m.svg"
"indent-highlight-size-s.svg","Indent Highlight-Size S","generic-icons","generic-icons-05","S","generic-icons-05/indent-highlight-size-s.svg"
"indent-non-sap-size-m.svg","Indent Non-SAP-Size M","generic-icons","generic-icons-05","M","generic-icons-05/indent-non-sap-size-m.svg"
"indent-non-sap-size-s.svg","Indent Non-SAP-Size S","generic-icons","generic-icons-05","S","generic-icons-05/indent-non-sap-size-s.svg"
"indent-sap-size-m.svg","Indent SAP-Size M","generic-icons","generic-icons-05","M","generic-icons-05/indent-sap-size-m.svg"
"indent-sap-size-s.svg","Indent SAP-Size S","generic-icons","generic-icons-05","S","generic-icons-05/indent-sap-size-s.svg"
"info-highlight-size-m.svg","Info Highlight Size M","generic-icons","generic-icons-05","M","generic-icons-05/info-highlight-size-m.svg"
"info-highlight-size-s.svg","Info Highlight Size S","generic-icons","generic-icons-05","S","generic-icons-05/info-highlight-size-s.svg"
"info-non-sap-size-m.svg","Info Non-SAP Size M","generic-icons","generic-icons-05","M","generic-icons-05/info-non-sap-size-m.svg"
"info-non-sap-size-s.svg","Info Non-SAP Size S","generic-icons","generic-icons-05","S","generic-icons-05/info-non-sap-size-s.svg"
"info-sap-size-m.svg","Info SAP Size M","generic-icons","generic-icons-05","M","generic-icons-05/info-sap-size-m.svg"
"info-sap-size-s.svg","Info SAP Size S","generic-icons","generic-icons-05","S","generic-icons-05/info-sap-size-s.svg"
"inspect-highlight-size-m.svg","Inspect Highlight-Size M","generic-icons","generic-icons-05","M","generic-icons-05/inspect-highlight-size-m.svg"
"inspect-highlight-size-s.svg","Inspect Highlight-Size S","generic-icons","generic-icons-05","S","generic-icons-05/inspect-highlight-size-s.svg"
"inspect-non-sap-size-m.svg","Inspect Non-SAP-Size M","generic-icons","generic-icons-05","M","generic-icons-05/inspect-non-sap-size-m.svg"
"inspect-non-sap-size-s.svg","Inspect Non-SAP-Size S","generic-icons","generic-icons-05","S","generic-icons-05/inspect-non-sap-size-s.svg"
"inspect-sap-size-m.svg","Inspect SAP-Size M","generic-icons","generic-icons-05","M","generic-icons-05/inspect-sap-size-m.svg"
"inspect-sap-size-s.svg","Inspect SAP-Size S","generic-icons","generic-icons-05","S","generic-icons-05/inspect-sap-size-s.svg"
"key-highlight-size-m.svg","Key Highlight Size M","generic-icons","generic-icons-05","M","generic-icons-05/key-highlight-size-m.svg"
"key-highlight-size-s.svg","Key Highlight Size S","generic-icons","generic-icons-05","S","generic-icons-05/key-highlight-size-s.svg"
"key-non-sap-size-m.svg","Key Non-SAP Size M","generic-icons","generic-icons-05","M","generic-icons-05/key-non-sap-size-m.svg"
"key-non-sap-size-s.svg","Key Non-SAP Size S","generic-icons","generic-icons-05","S","generic-icons-05/key-non-sap-size-s.svg"
"key-sap-size-m.svg","Key SAP Size M","generic-icons","generic-icons-05","M","generic-icons-05/key-sap-size-m.svg"
"key-sap-size-s.svg","Key SAP Size S","generic-icons","generic-icons-05","S","generic-icons-05/key-sap-size-s.svg"
"link-highlight-size-m.svg","Link Highlight Size M","generic-icons","generic-icons-05","M","generic-icons-05/link-highlight-size-m.svg"
"link-highlight-size-s.svg","Link Highlight Size S","generic-icons","generic-icons-05","S","generic-icons-05/link-highlight-size-s.svg"
"link-non-sap-size-m.svg","Link Non-SAP Size M","generic-icons","generic-icons-05","M","generic-icons-05/link-non-sap-size-m.svg"
"link-non-sap-size-s.svg","Link Non-SAP Size S","generic-icons","generic-icons-05","S","generic-icons-05/link-non-sap-size-s.svg"
"link-sap-size-m.svg","Link SAP Size M","generic-icons","generic-icons-05","M","generic-icons-05/link-sap-size-m.svg"
"link-sap-size-s.svg","Link SAP Size S","generic-icons","generic-icons-05","S","generic-icons-05/link-sap-size-s.svg"
"locked-highlight-size-m.svg","Locked Highlight Size M","generic-icons","generic-icons-06","M","generic-icons-06/locked-highlight-size-m.svg"
"locked-highlight-size-s.svg","Locked Highlight Size S","generic-icons","generic-icons-06","S","generic-icons-06/locked-highlight-size-s.svg"
"locked-non-sap-size-m.svg","Locked Non-SAP Size M","generic-icons","generic-icons-06","M","generic-icons-06/locked-non-sap-size-m.svg"
"locked-non-sap-size-s.svg","Locked Non-SAP Size S","generic-icons","generic-icons-06","S","generic-icons-06/locked-non-sap-size-s.svg"
"locked-sap-size-m.svg","Locked SAP Size M","generic-icons","generic-icons-06","M","generic-icons-06/locked-sap-size-m.svg"
"locked-sap-size-s.svg","Locked SAP Size S","generic-icons","generic-icons-06","S","generic-icons-06/locked-sap-size-s.svg"
"machine-highlight-size-m.svg","Machine Highlight Size M","generic-icons","generic-icons-06","M","generic-icons-06/machine-highlight-size-m.svg"
"machine-highlight-size-s.svg","Machine Highlight Size S","generic-icons","generic-icons-06","S","generic-icons-06/machine-highlight-size-s.svg"
"machine-non-sap-size-m.svg","Machine Non-SAP Size M","generic-icons","generic-icons-06","M","generic-icons-06/machine-non-sap-size-m.svg"
"machine-non-sap-size-s.svg","Machine Non-SAP Size S","generic-icons","generic-icons-06","S","generic-icons-06/machine-non-sap-size-s.svg"
"machine-sap-size-m.svg","Machine SAP Size M","generic-icons","generic-icons-06","M","generic-icons-06/machine-sap-size-m.svg"
"machine-sap-size-s.svg","Machine SAP Size S","generic-icons","generic-icons-06","S","generic-icons-06/machine-sap-size-s.svg"
"message-highlight-size-m.svg","Message Highlight Size M","generic-icons","generic-icons-06","M","generic-icons-06/message-highlight-size-m.svg"
"message-highlight-size-s.svg","Message Highlight Size S","generic-icons","generic-icons-06","S","generic-icons-06/message-highlight-size-s.svg"
"message-non-sap-size-m.svg","Message Non-SAP Size M","generic-icons","generic-icons-06","M","generic-icons-06/message-non-sap-size-m.svg"
"message-non-sap-size-s.svg","Message Non-SAP Size S","generic-icons","generic-icons-06","S","generic-icons-06/message-non-sap-size-s.svg"
"message-sap-size-m.svg","Message SAP Size M","generic-icons","generic-icons-06","M","generic-icons-06/message-sap-size-m.svg"
"message-sap-size-s.svg","Message SAP Size S","generic-icons","generic-icons-06","S","generic-icons-06/message-sap-size-s.svg"
"mobile-highlight-size-m.svg","Mobile Highlight Size M","generic-icons","generic-icons-06","M","generic-icons-06/mobile-highlight-size-m.svg"
"mobile-highlight-size-s.svg","Mobile Highlight Size S","generic-icons","generic-icons-06","S","generic-icons-06/mobile-highlight-size-s.svg"
"mobile-non-sap-size-m.svg","Mobile Non-SAP Size M","generic-icons","generic-icons-06","M","generic-icons-06/mobile-non-sap-size-m.svg"
"mobile-non-sap-size-s.svg","Mobile Non-SAP Size S","generic-icons","generic-icons-06","S","generic-icons-06/mobile-non-sap-size-s.svg"
"mobile-sap-size-m.svg","Mobile SAP Size M","generic-icons","generic-icons-06","M","generic-icons-06/mobile-sap-size-m.svg"
"mobile-sap-size-s.svg","Mobile SAP Size S","generic-icons","generic-icons-06","S","generic-icons-06/mobile-sap-size-s.svg"
"on-premise-highlight-size-m.svg","On-Premise Highlight Size M","generic-icons","generic-icons-06","M","generic-icons-06/on-premise-highlight-size-m.svg"
"on-premise-highlight-size-s.svg","On-Premise Highlight Size S","generic-icons","generic-icons-06","S","generic-icons-06/on-premise-highlight-size-s.svg"
"on-premise-non-sap-size-m.svg","On-Premise Non-SAP Size M","generic-icons","generic-icons-06","M","generic-icons-06/on-premise-non-sap-size-m.svg"
"on-premise-non-sap-size-s.svg","On-Premise Non-SAP Size S","generic-icons","generic-icons-06","S","generic-icons-06/on-premise-non-sap-size-s.svg"
"on-premise-sap-size-m.svg","On-Premise SAP Size M","generic-icons","generic-icons-06","M","generic-icons-06/on-premise-sap-size-m.svg"
"on-premise-sap-size-s.svg","On-Premise SAP Size S","generic-icons","generic-icons-06","S","generic-icons-06/on-premise-sap-size-s.svg"
"palette-highlight-size-m.svg","Palette Highlight-Size M","generic-icons","generic-icons-07","M","generic-icons-07/palette-highlight-size-m.svg"
"palette-highlight-size-s.svg","Palette Highlight-Size S","generic-icons","generic-icons-07","S","generic-icons-07/palette-highlight-size-s.svg"
"palette-non-sap-size-m.svg","Palette Non-SAP-Size M","generic-icons","generic-icons-07","M","generic-icons-07/palette-non-sap-size-m.svg"
"palette-non-sap-size-s.svg","Palette Non-SAP-Size S","generic-icons","generic-icons-07","S","generic-icons-07/palette-non-sap-size-s.svg"
"palette-sap-size-m.svg","Palette SAP-Size M","generic-icons","generic-icons-07","M","generic-icons-07/palette-sap-size-m.svg"
"palette-sap-size-s.svg","Palette SAP-Size S","generic-icons","generic-icons-07","S","generic-icons-07/palette-sap-size-s.svg"
"paper-plane-highlight-size-m.svg","Paper-Plane Highlight-Size M","generic-icons","generic-icons-07","M","generic-icons-07/paper-plane-highlight-size-m.svg"
"paper-plane-highlight-size-s.svg","Paper-Plane Highlight-Size S","generic-icons","generic-icons-07","S","generic-icons-07/paper-plane-highlight-size-s.svg"
"paper-plane-non-sap-size-m.svg","Paper-Plane Non-SAP-Size M","generic-icons","generic-icons-07","M","generic-icons-07/paper-plane-non-sap-size-m.svg"
"paper-plane-non-sap-size-s.svg","Paper-Plane Non-SAP-Size S","generic-icons","generic-icons-07","S","generic-icons-07/paper-plane-non-sap-size-s.svg"
"paper-plane-sap-size-m.svg","Paper-Plane SAP-Size M","generic-icons","generic-icons-07","M","generic-icons-07/paper-plane-sap-size-m.svg"
"paper-plane-sap-size-s.svg","Paper-Plane SAP-Size S","generic-icons","generic-icons-07","S","generic-icons-07/paper-plane-sap-size-s.svg"
"permission-highlight-size-m.svg","Permission Highlight-Size M","generic-icons","generic-icons-07","M","generic-icons-07/permission-highlight-size-m.svg"
"permission-highlight-size-s.svg","Permission Highlight-Size S","generic-icons","generic-icons-07","S","generic-icons-07/permission-highlight-size-s.svg"
"permission-non-sap-size-m.svg","Permission Non-SAP-Size M","generic-icons","generic-icons-07","M","generic-icons-07/permission-non-sap-size-m.svg"
"permission-non-sap-size-s.svg","Permission Non-SAP-Size S","generic-icons","generic-icons-07","S","generic-icons-07/permission-non-sap-size-s.svg"
"permission-sap-size-m.svg","Permission SAP-Size M","generic-icons","generic-icons-07","M","generic-icons-07/permission-sap-size-m.svg"
"permission-sap-size-s.svg","Permission SAP-Size S","generic-icons","generic-icons-07","S","generic-icons-07/permission-sap-size-s.svg"
"restart-highlight-size-m.svg","Restart Highlight-Size M","generic-icons","generic-icons-07","M","generic-icons-07/restart-highlight-size-m.svg"
"restart-highlight-size-s.svg","Restart Highlight-Size S","generic-icons","generic-icons-07","S","generic-icons-07/restart-highlight-size-s.svg"
"restart-non-sap-size-m.svg","Restart Non-SAP-Size M","generic-icons","generic-icons-07","M","generic-icons-07/restart-non-sap-size-m.svg"
"restart-non-sap-size-s.svg","Restart Non-SAP-Size S","generic-icons","generic-icons-07","S","generic-icons-07/restart-non-sap-size-s.svg"
"restart-sap-size-m.svg","Restart SAP-Size M","generic-icons","generic-icons-07","M","generic-icons-07/restart-sap-size-m.svg"
"restart-sap-size-s.svg","Restart SAP-Size S","generic-icons","generic-icons-07","S","generic-icons-07/restart-sap-size-s.svg"
"settings-highlight-size-m.svg","Settings Highlight Size M","generic-icons","generic-icons-07","M","generic-icons-07/settings-highlight-size-m.svg"
"settings-highlight-size-s.svg","Settings Highlight Size S","generic-icons","generic-icons-07","S","generic-icons-07/settings-highlight-size-s.svg"
"settings-non-sap-size-m.svg","Settings Non-SAP Size M","generic-icons","generic-icons-07","M","generic-icons-07/settings-non-sap-size-m.svg"
"settings-non-sap-size-s.svg","Settings Non-SAP Size S","generic-icons","generic-icons-07","S","generic-icons-07/settings-non-sap-size-s.svg"
"settings-sap-size-m.svg","Settings SAP Size M","generic-icons","generic-icons-07","M","generic-icons-07/settings-sap-size-m.svg"
"settings-sap-size-s.svg","Settings SAP Size S","generic-icons","generic-icons-07","S","generic-icons-07/settings-sap-size-s.svg"
"success-highlight-size-m.svg","Success Highlight Size M","generic-icons","generic-icons-08","M","generic-icons-08/success-highlight-size-m.svg"
"success-highlight-size-s.svg","Success Highlight Size S","generic-icons","generic-icons-08","S","generic-icons-08/success-highlight-size-s.svg"
"success-non-sap-size-m.svg","Success Non-SAP Size M","generic-icons","generic-icons-08","M","generic-icons-08/success-non-sap-size-m.svg"
"success-non-sap-size-s.svg","Success Non-SAP Size S","generic-icons","generic-icons-08","S","generic-icons-08/success-non-sap-size-s.svg"
"success-sap-size-m.svg","Success SAP Size M","generic-icons","generic-icons-08","M","generic-icons-08/success-sap-size-m.svg"
"success-sap-size-s.svg","Success SAP Size S","generic-icons","generic-icons-08","S","generic-icons-08/success-sap-size-s.svg"
"synchronize-highlight-size-m.svg","Synchronize Highlight-Size M","generic-icons","generic-icons-08","M","generic-icons-08/synchronize-highlight-size-m.svg"
"synchronize-highlight-size-s.svg","Synchronize Highlight-Size S","generic-icons","generic-icons-08","S","generic-icons-08/synchronize-highlight-size-s.svg"
"synchronize-non-sap-size-m.svg","Synchronize Non-SAP-Size M","generic-icons","generic-icons-08","M","generic-icons-08/synchronize-non-sap-size-m.svg"
"synchronize-non-sap-size-s.svg","Synchronize Non-SAP-Size S","generic-icons","generic-icons-08","S","generic-icons-08/synchronize-non-sap-size-s.svg"
"synchronize-sap-size-m.svg","Synchronize SAP-Size M","generic-icons","generic-icons-08","M","generic-icons-08/synchronize-sap-size-m.svg"
"synchronize-sap-size-s.svg","Synchronize SAP-Size S","generic-icons","generic-icons-08","S","generic-icons-08/synchronize-sap-size-s.svg"
"third-party-highlight-size-m.svg","Third Party Highlight Size M","generic-icons","generic-icons-08","M","generic-icons-08/third-party-highlight-size-m.svg"
"third-party-highlight-size-s.svg","Third Party Highlight Size S","generic-icons","generic-icons-08","S","generic-icons-08/third-party-highlight-size-s.svg"
"third-party-non-sap-size-m.svg","Third Party Non-SAP Size M","generic-icons","generic-icons-08","M","generic-icons-08/third-party-non-sap-size-m.svg"
"third-party-non-sap-size-s.svg","Third Party Non-SAP Size S","generic-icons","generic-icons-08","S","generic-icons-08/third-party-non-sap-size-s.svg"
"third-party-sap-size-m.svg","Third Party SAP Size M","generic-icons","generic-icons-08","M","generic-icons-08/third-party-sap-size-m.svg"
"third-party-sap-size-s.svg","Third Party SAP Size S","generic-icons","generic-icons-08","S","generic-icons-08/third-party-sap-size-s.svg"
"tree-highlight-size-m.svg","Tree Highlight-Size M","generic-icons","generic-icons-08","M","generic-icons-08/tree-highlight-size-m.svg"
"tree-highlight-size-s.svg","Tree Highlight-Size S","generic-icons","generic-icons-08","S","generic-icons-08/tree-highlight-size-s.svg"
"tree-non-sap-size-m.svg","Tree Non-SAP-Size M","generic-icons","generic-icons-08","M","generic-icons-08/tree-non-sap-size-m.svg"
"tree-non-sap-size-s.svg","Tree Non-SAP-Size S","generic-icons","generic-icons-08","S","generic-icons-08/tree-non-sap-size-s.svg"
"tree-sap-size-m.svg","Tree SAP-Size M","generic-icons","generic-icons-08","M","generic-icons-08/tree-sap-size-m.svg"
"tree-sap-size-s.svg","Tree SAP-Size S","generic-icons","generic-icons-08","S","generic-icons-08/tree-sap-size-s.svg"
"user-highlight-size-m.svg","User Highlight Size M","generic-icons","generic-icons-08","M","generic-icons-08/user-highlight-size-m.svg"
"user-highlight-size-s.svg","User Highlight Size S","generic-icons","generic-icons-08","S","generic-icons-08/user-highlight-size-s.svg"
"user-non-sap-size-m.svg","User Non-SAP Size M","generic-icons","generic-icons-08","M","generic-icons-08/user-non-sap-size-m.svg"
"user-non-sap-size-s.svg","User Non-SAP Size S","generic-icons","generic-icons-08","S","generic-icons-08/user-non-sap-size-s.svg"
"user-sap-size-m.svg","User SAP Size M","generic-icons","generic-icons-08","M","generic-icons-08/user-sap-size-m.svg"
"user-sap-size-s.svg","User SAP Size S","generic-icons","generic-icons-08","S","generic-icons-08/user-sap-size-s.svg"
"web-highlight-size-m.svg","Web Highlight Size M","generic-icons","generic-icons-09","M","generic-icons-09/web-highlight-size-m.svg"
"web-highlight-size-s.svg","Web Highlight Size S","generic-icons","generic-icons-09","S","generic-icons-09/web-highlight-size-s.svg"
"web-non-sap-size-m.svg","Web Non-SAP Size M","generic-icons","generic-icons-09","M","generic-icons-09/web-non-sap-size-m.svg"
"web-non-sap-size-s.svg","Web Non-SAP Size S","generic-icons","generic-icons-09","S","generic-icons-09/web-non-sap-size-s.svg"
"web-sap-size-m.svg","Web SAP Size M","generic-icons","generic-icons-09","M","generic-icons-09/web-sap-size-m.svg"
"web-sap-size-s.svg","Web SAP Size S","generic-icons","generic-icons-09","S","generic-icons-09/web-sap-size-s.svg"
"31037-event-meshsd.svg","31037-event-meshsd","integration-suite","integration-suite","M","integration-suite/31037-event-meshsd.svg"
"32032-advanced-event-meshsd.svg","32032-advanced-event-meshsd","integration-suite","integration-suite","M","integration-suite/32032-advanced-event-meshsd.svg"
"32086-sap-integration-suitesd.svg","32086-sap-integration-suitesd","integration-suite","integration-suite","M","integration-suite/32086-sap-integration-suitesd.svg"
"32087-graphsd.svg","32087-graphsd","integration-suite","integration-suite","M","integration-suite/32087-graphsd.svg"
"32133-api-managementsd.svg","32133-api-managementsd","integration-suite","integration-suite","M","integration-suite/32133-api-managementsd.svg"
"32134-cloud-integrationsd.svg","32134-cloud-integrationsd","integration-suite","integration-suite","M","integration-suite/32134-cloud-integrationsd.svg"
"32135-data-space-integrationsd.svg","32135-data-space-integrationsd","integration-suite","integration-suite","M","integration-suite/32135-data-space-integrationsd.svg"
"32136-edge-integration-cellsd.svg","32136-edge-integration-cellsd","integration-suite","integration-suite","M","integration-suite/32136-edge-integration-cellsd.svg"
"32138-integration-advisorsd.svg","32138-integration-advisorsd","integration-suite","integration-suite","M","integration-suite/32138-integration-advisorsd.svg"
"32139-integration-assessmentsd.svg","32139-integration-assessmentsd","integration-suite","integration-suite","M","integration-suite/32139-integration-assessmentsd.svg"
"32140-migration-assessmentsd.svg","32140-migration-assessmentsd","integration-suite","integration-suite","M","integration-suite/32140-migration-assessmentsd.svg"
"32141-open-connectorssd.svg","32141-open-connectorssd","integration-suite","integration-suite","M","integration-suite/32141-open-connectorssd.svg"
"32142-trading-partner-managementsd.svg","32142-trading-partner-managementsd","integration-suite","integration-suite","M","integration-suite/32142-trading-partner-managementsd.svg"
"32153-sap-business-accelerator--hubsd.svg","32153-sap-business-accelerator- hubsd","integration-suite","integration-suite","M","integration-suite/32153-sap-business-accelerator--hubsd.svg"
"32154-sap-api-hub-enterprise.svg","32154-sap-api-hub-enterprise","integration-suite","integration-suite","M","integration-suite/32154-sap-api-hub-enterprise.svg"
"48048-advanced-event-meshsd.svg","48048-advanced-event-meshsd","integration-suite","integration-suite","L","integration-suite/48048-advanced-event-meshsd.svg"
"48086-sap-integration-suitesd.svg","48086-sap-integration-suitesd","integration-suite","integration-suite","L","integration-suite/48086-sap-integration-suitesd.svg"
"48087-graphsd.svg","48087-graphsd","integration-suite","integration-suite","L","integration-suite/48087-graphsd.svg"
"48133-api-managementsd.svg","48133-api-managementsd","integration-suite","integration-suite","L","integration-suite/48133-api-managementsd.svg"
"48134-cloud-integrationsd.svg","48134-cloud-integrationsd","integration-suite","integration-suite","L","integration-suite/48134-cloud-integrationsd.svg"
"48135-data-space-integrationsd.svg","48135-data-space-integrationsd","integration-suite","integration-suite","L","integration-suite/48135-data-space-integrationsd.svg"
"48136-edge-integration-cellsd.svg","48136-edge-integration-cellsd","integration-suite","integration-suite","L","integration-suite/48136-edge-integration-cellsd.svg"
"48138-integration-advisorsd.svg","48138-integration-advisorsd","integration-suite","integration-suite","L","integration-suite/48138-integration-advisorsd.svg"
"48139-integration-assessmentsd.svg","48139-integration-assessmentsd","integration-suite","integration-suite","L","integration-suite/48139-integration-assessmentsd.svg"
"48140-migration-assessmentsd.svg","48140-migration-assessmentsd","integration-suite","integration-suite","L","integration-suite/48140-migration-assessmentsd.svg"
"48141-open-connectorssd.svg","48141-open-connectorssd","integration-suite","integration-suite","L","integration-suite/48141-open-connectorssd.svg"
"48142-trading-partner-managementsd.svg","48142-trading-partner-managementsd","integration-suite","integration-suite","L","integration-suite/48142-trading-partner-managementsd.svg"
"48153-sap-business-accelerator--hubsd.svg","48153-sap-business-accelerator- hubsd","integration-suite","integration-suite","L","integration-suite/48153-sap-business-accelerator--hubsd.svg"
"48154-sap-api-hub-enterprise.svg","48154-sap-api-hub-enterprise","integration-suite","integration-suite","L","integration-suite/48154-sap-api-hub-enterprise.svg"
"sap.svg","SAP","sap-brands","sap-brands","default","sap-brands/sap.svg"
"sap-ariba.svg","SAP Ariba","sap-brands","sap-brands","default","sap-brands/sap-ariba.svg"
"sap-business-network.svg","SAP Business Network","sap-brands","sap-brands","default","sap-brands/sap-business-network.svg"
"sap-concur.svg","SAP Concur","sap-brands","sap-brands","default","sap-brands/sap-concur.svg"
"sap-customer-experience.svg","SAP Customer Experience","sap-brands","sap-brands","default","sap-brands/sap-customer-experience.svg"
"sap-leanix.svg","SAP LeanIX","sap-brands","sap-brands","default","sap-brands/sap-leanix.svg"
"sap-s4hana.svg","SAP S4HANA","sap-brands","sap-brands","default","sap-brands/sap-s4hana.svg"
"sap-s4hana-cloud.svg","SAP S4HANA Cloud","sap-brands","sap-brands","default","sap-brands/sap-s4hana-cloud.svg"
"sap-signavio.svg","SAP Signavio","sap-brands","sap-brands","default","sap-brands/sap-signavio.svg"
"sap-successfactors.svg","SAP SuccessFactors","sap-brands","sap-brands","default","sap-brands/sap-successfactors.svg"